<?xml version="1.0" encoding="utf-8"?>
<Project Name="CE195394_HID_Mouse" WorkspaceName="CE195394_HID_Mouse.cywrk">
  <Version>1.10</Version>
  <Keyword>USBFS</Keyword>
  <Keyword Hidden="true">CY8CKIT-059</Keyword>
  <Description>This code example implements a standard USB HID mouse with a single button. The mouse cursor will move in the shape of a box on the screen.</Description>
  <DeviceFilter>PSoC 5LP</DeviceFilter>
  <Document>CE195394_HID_Mouse.pdf</Document>
  <MinToolVersion>4.2</MinToolVersion>
</Project>
